ROW#,S0,S1,S2,S3,S4,S5,S6,S7,S8,S9,S10,S11,S12,S13,S14,S15,S16,S17,S18,S19,S20,S21,S22,S23,S24,S25,S26,S27,S28,S29
0,126/19*132/19*138/19*126/29*132/29*138/29*126/39*132/39*138/39,145/19*151/20*158/20*145/29*151/30*158/30*145/39*151/40*158/40,164/21*170/22*177/23*164/31*170/32*177/32*164/41*171/41*177/42,183/24*189/25*196/27*183/33*190/35*196/36*183/43*190/44*196/45,202/28*208/29*215/31*202/37*208/39*215/40*202/46*209/48*215/49,221/32*227/33*234/34*221/41*227/42*234/43*221/50*228/51*234/52,240/35*246/36*253/37*240/44*246/45*253/46*240/53*247/54*253/55,259/38*266/38*272/39*259/46*266/47*272/47*259/55*266/56*272/56,278/39*285/39*291/40*278/48*285/48*291/49*279/57*285/57*291/57,298/40*304/40*311/41*298/49*304/49*311/49*298/58*304/58*311/58,317/41*323/41*330/41*317/49*323/50*330/50*317/58*324/58*330/58,336/41*343/41*349/41*336/50*343/50*349/50*336/59*343/59*349/59,356/41*362/41*369/41*356/50*362/50*369/50*356/59*362/58*369/58,375/40*381/40*388/40*375/49*381/49*388/49*375/58*381/58*388/58,394/40*401/39*407/39*394/49*401/48*407/48*394/57*401/57*407/57,414/38*420/38*426/37*414/47*420/47*426/46*413/56*420/56*426/55,433/36*439/35*446/35*433/45*439/44*445/44*433/54*439/54*445/53,452/34*458/33*465/32*452/43*458/42*465/41*452/52*458/51*464/50,471/30*477/29*484/28*471/40*477/39*484/37*471/49*477/48*483/47,490/27*496/26*503/24*490/36*496/35*502/34*490/45*496/44*502/43,509/23*515/22*522/21*509/32*515/31*521/30*509/42*515/41*521/39,528/19*534/18*541/17*528/29*534/28*540/26*528/38*534/37*540/36,547/16*553/15*560/14*547/25*553/24*559/23*547/35*553/34*559/33,566/13*572/12*579/11*566/22*572/22*579/21*566/32*572/31*578/30,585/10*592/10*598/9*585/20*591/19*598/19*585/29*591/29*598/28,604/9*611/8*617/7*604/18*611/18*617/17*604/28*610/27*617/27,624/7*630/7*636/6*623/17*630/16*636/16*623/26*630/26*636/25,643/6*649/6*656/5*643/15*649/15*656/15*643/25*649/25*655/25,662/5*669/5*675/5*662/15*668/15*675/15*662/24*668/24*675/24,682/5*688/5*694/5*681/14*688/14*694/14*681/24*687/24*694/24
1,126/49*132/49*139/49*126/59*132/59*139/59*126/69*132/69*139/69,145/49*151/50*158/50*145/59*152/60*158/60*145/70*152/70*158/70,164/51*171/51*177/52*164/60*171/61*177/62*164/70*171/71*177/71,183/53*190/54*196/55*183/62*190/63*196/64*183/72*190/73*196/74,202/56*209/57*215/58*202/65*209/66*215/67*202/75*209/75*215/76,221/59*228/60*234/61*221/68*228/69*234/70*221/77*228/78*234/79,240/62*247/63*253/63*240/71*247/72*253/72*240/80*247/81*253/81,259/64*266/65*272/65*259/73*266/73*272/74*259/82*266/82*272/83,279/66*285/66*291/66*279/74*285/75*291/75*279/83*285/83*291/84,298/66*304/67*311/67*298/75*304/75*311/76*298/84*304/84*311/84,317/67*324/67*330/67*317/76*323/76*330/76*317/85*323/85*330/85,336/67*343/67*349/67*336/76*343/76*349/76*336/85*342/85*349/85,356/67*362/67*368/67*355/76*362/76*368/76*355/85*362/85*368/85,375/67*381/67*388/67*375/76*381/76*387/76*374/85*381/85*387/84,394/66*401/66*407/66*394/75*400/75*407/75*394/84*400/84*406/84,413/65*420/65*426/64*413/74*419/74*426/73*413/83*419/83*425/82,432/63*439/63*445/62*432/72*439/72*445/71*432/82*438/81*445/80,452/61*458/60*464/59*451/70*458/69*464/68*451/79*457/78*464/78,471/58*477/57*483/56*470/67*477/66*483/65*470/77*476/76*482/74,490/55*496/54*502/52*489/64*495/63*502/62*489/73*495/72*501/71,508/51*515/50*521/49*508/60*514/59*521/58*508/70*514/69*520/67,527/47*534/46*540/45*527/57*533/56*540/55*526/66*533/65*539/64,546/44*553/43*559/42*546/54*552/53*558/52*545/63*552/62*558/61,565/41*572/40*578/40*565/51*571/50*578/49*564/60*571/59*577/59,584/39*591/38*597/38*584/48*590/48*597/47*583/58*590/57*596/57,604/37*610/37*616/36*603/47*609/46*616/46*602/56*609/56*615/55,623/36*629/35*636/35*622/45*629/45*635/44*622/55*628/54*634/54,642/35*648/34*655/34*641/44*648/44*654/44*641/54*647/53*653/53,661/34*668/34*674/34*661/43*667/43*673/43*660/53*666/53*673/53,681/34*687/33*693/33*680/43*686/43*693/43*679/53*685/53*692/53
2,126/79*133/79*139/79*126/89*133/89*139/90*127/99*133/100*139/100,145/80*152/80*158/80*146/90*152/90*158/90*146/100*152/100*158/100,164/80*171/81*177/81*165/90*171/91*177/91*165/100*171/101*177/101,184/82*190/83*196/83*184/92*190/92*196/93*184/101*190/102*196/102,203/84*209/85*215/86*203/93*209/94*215/95*203/103*209/104*215/104,221/87*228/87*234/88*221/96*228/97*234/97*222/105*228/106*234/106,240/89*247/90*253/90*240/98*247/99*253/99*240/107*247/108*253/108,259/91*266/91*272/92*259/100*266/100*272/101*259/109*266/109*272/109,279/92*285/92*291/93*278/101*285/101*291/101*278/110*285/110*291/110,298/93*304/93*310/93*297/102*304/102*310/102*297/111*304/111*310/111,317/93*323/94*330/94*317/102*323/102*329/102*316/111*323/111*329/111,336/94*342/94*349/94*336/103*342/103*348/103*335/111*342/111*348/111,355/94*361/94*368/94*355/103*361/103*367/103*354/111*361/111*367/111,374/94*381/94*387/93*374/103*380/102*386/102*373/111*380/111*386/111,393/93*400/93*406/93*393/102*399/102*405/102*392/111*399/111*405/110,412/92*419/92*425/91*412/101*418/101*424/100*411/110*418/110*424/109,431/91*438/90*444/89*431/100*437/99*443/98*430/109*437/108*443/108,450/89*457/88*463/87*450/98*456/97*462/96*449/107*455/106*462/105,469/86*476/85*482/84*469/95*475/94*481/93*468/104*474/103*480/102,488/83*494/82*501/80*487/92*494/91*500/90*487/101*493/100*499/99,507/79*513/78*520/77*506/89*512/88*519/86*505/98*512/97*518/96,526/76*532/75*538/74*525/85*531/84*538/83*524/95*530/94*537/93,545/73*551/72*557/71*544/82*550/81*556/80*543/92*549/91*555/90,564/70*570/69*576/68*563/79*569/79*575/78*562/89*568/88*574/87,583/68*589/67*595/66*582/77*588/76*594/76*581/87*587/86*593/85,602/66*608/65*614/65*601/75*607/75*613/74*599/85*606/84*612/84,621/64*627/64*633/64*620/74*626/73*632/73*618/83*625/83*631/83,640/63*646/63*652/63*639/73*645/73*651/72*637/82*644/82*650/82,659/63*665/62*672/62*658/72*664/72*670/72*656/82*663/82*669/81,678/62*684/62*691/62*677/72*683/72*689/72*675/81*682/81*688/81
3,127/110*133/110*140/110*127/120*134/120*140/120*128/130*134/130*140/130,146/110*152/110*159/110*146/120*152/120*159/120*146/130*153/130*159/130,165/110*171/111*177/111*165/120*171/120*178/121*165/130*172/130*178/131,184/111*190/112*196/112*184/121*190/121*196/122*184/131*190/131*197/132,203/113*209/113*215/114*203/122*209/123*215/123*203/132*209/132*215/133,222/114*228/115*234/116*222/124*228/124*234/125*222/133*228/134*234/134,240/116*247/117*253/117*240/125*247/126*253/126*240/134*246/135*253/135,259/118*266/118*272/118*259/127*265/127*272/127*259/136*265/136*272/136,278/119*284/119*291/119*278/128*284/128*291/128*278/136*284/137*290/137,297/119*303/120*310/120*297/128*303/128*309/129*297/137*303/137*309/137,316/120*322/120*329/120*316/129*322/129*328/129*315/138*322/138*328/138,335/120*341/120*348/120*335/129*341/129*347/129*334/138*340/138*347/138,354/120*360/120*366/120*353/129*360/129*366/129*353/138*359/138*365/138,373/120*379/120*385/120*372/129*379/129*385/129*372/138*378/138*384/138,392/120*398/120*404/119*391/129*397/129*404/128*390/138*397/137*403/137,411/119*417/119*423/118*410/128*416/128*422/127*409/137*415/137*422/136,430/118*436/117*442/117*429/127*435/126*441/126*428/136*434/135*440/135,448/116*455/115*461/115*448/125*454/124*460/124*447/134*453/134*459/133,467/114*473/113*480/112*466/123*472/122*479/121*465/132*472/131*478/130,486/111*492/110*498/109*485/120*491/119*497/118*484/129*490/128*496/127,505/108*511/106*517/105*503/117*510/116*516/115*502/126*509/125*515/124,523/104*529/103*536/102*522/114*528/113*534/112*521/123*527/122*533/121,542/101*548/100*554/99*541/111*547/110*553/109*539/120*546/119*552/118,561/98*567/98*573/97*559/108*566/107*572/106*558/118*564/117*571/116,579/96*586/96*592/95*578/106*584/105*591/105*577/115*583/115*589/114,598/94*605/94*611/93*597/104*603/103*609/103*595/114*602/113*608/113,617/93*623/93*630/92*616/103*622/102*628/102*614/112*620/112*627/111,636/92*642/92*649/91*634/102*641/101*647/101*633/111*639/111*645/111,655/91*661/91*668/91*653/101*660/101*666/101*652/110*658/110*664/110,674/91*680/91*687/91*672/100*678/100*685/100*670/110*677/110*683/110
4,128/140*134/140*141/140*129/150*135/150*141/150*129/160*135/160*141/160,147/140*153/140*159/140*147/150*153/150*160/150*148/160*154/160*160/160,165/140*172/140*178/141*166/150*172/150*178/150*166/160*172/160*178/160,184/141*190/141*197/141*184/151*191/151*197/151*185/161*191/161*197/161,203/142*209/142*215/142*203/151*209/152*215/152*203/161*209/161*215/161,222/143*228/143*234/143*222/152*228/152*234/153*222/162*228/162*234/162,240/144*246/144*253/144*240/153*246/153*253/154*240/162*246/163*252/163,259/145*265/145*271/145*259/154*265/154*271/154*259/163*265/163*271/163,278/145*284/146*290/146*277/154*284/155*290/155*277/163*283/164*289/164,296/146*302/146*309/146*296/155*302/155*308/155*296/164*302/164*308/164,315/146*321/146*327/147*315/155*321/155*327/155*314/164*320/164*327/164,334/147*340/147*346/147*333/155*339/155*346/156*333/164*339/164*345/164,352/147*359/147*365/147*352/156*358/156*364/156*351/164*357/164*364/164,371/147*377/147*384/147*370/156*377/156*383/156*370/164*376/164*382/164,390/147*396/146*402/146*389/155*395/155*401/155*388/164*394/164*401/164,408/146*415/146*421/145*408/155*414/155*420/154*407/164*413/164*419/163,427/145*433/144*440/144*426/154*432/154*439/153*425/163*431/163*438/162,446/143*452/143*458/142*445/153*451/152*457/151*444/162*450/161*456/161,464/141*471/141*477/140*463/151*469/150*476/149*462/160*468/159*474/158,483/139*489/138*495/137*482/148*488/147*494/146*481/157*487/157*493/156,501/136*507/135*514/134*500/145*506/144*512/143*499/155*505/154*511/153,520/133*526/132*532/131*518/142*525/141*531/140*517/152*523/151*529/150,538/130*544/129*551/128*537/139*543/138*549/138*536/149*542/148*548/147,557/127*563/126*569/126*555/137*561/136*568/135*554/146*560/146*566/145,575/125*582/124*588/124*574/135*580/134*586/133*572/144*578/144*585/143,594/123*600/123*606/122*592/133*599/132*605/132*591/142*597/142*603/141,613/122*619/121*625/121*611/131*617/131*623/131*609/141*615/141*622/140,631/121*637/121*644/120*629/130*636/130*642/130*628/140*634/140*640/139,650/120*656/120*662/120*648/130*654/129*660/129*646/139*652/139*659/139,669/120*675/120*681/119*667/129*673/129*679/129*665/139*671/139*677/139
5,130/170*136/170*142/170*130/180*136/180*142/180*131/190*137/190*143/190,148/170*154/170*160/170*148/180*155/180*161/180*149/190*155/190*161/190,166/170*173/170*179/170*167/180*173/180*179/180*167/190*173/190*179/190,185/170*191/171*197/171*185/180*191/180*197/181*185/190*192/190*198/190,203/171*209/171*216/171*203/181*210/181*216/181*204/190*210/190*216/190,222/171*228/171*234/172*222/181*228/181*234/181*222/190*228/190*234/191,240/172*246/172*252/172*240/181*246/181*252/181*240/191*246/191*252/191,259/172*265/172*271/172*259/181*265/181*271/182*258/191*265/191*271/191,277/173*283/173*289/173*277/182*283/182*289/182*277/191*283/191*289/191,295/173*302/173*308/173*295/182*301/182*307/182*295/191*301/191*307/191,314/173*320/173*326/173*314/182*320/182*326/182*313/191*319/191*325/191,332/173*338/173*345/173*332/182*338/182*344/182*332/191*338/191*344/191,351/173*357/173*363/173*350/182*356/182*362/182*350/191*356/191*362/191,369/173*375/173*381/173*369/182*375/182*381/182*368/191*374/191*380/191,388/173*394/173*400/173*387/182*393/182*399/182*386/191*392/191*398/191,406/173*412/173*418/172*405/182*411/181*418/181*405/191*411/190*417/190,424/172*431/172*437/171*424/181*430/181*436/180*423/190*429/190*435/189,443/171*449/170*455/170*442/180*448/179*454/179*441/189*447/188*453/188,461/169*467/168*473/168*460/178*466/178*472/177*459/187*465/187*471/186,480/167*486/166*492/165*478/176*484/175*491/174*477/185*483/185*489/184,498/164*504/163*510/162*497/174*503/173*509/172*495/183*501/182*507/181,516/161*522/160*528/159*515/171*521/170*527/169*514/180*520/179*526/178,534/158*540/158*546/157*533/168*539/167*545/166*532/177*538/177*544/176,552/156*559/155*565/154*551/165*557/165*563/164*550/175*556/174*562/174,571/154*577/153*583/152*569/163*575/163*581/162*568/173*574/172*580/172,589/152*595/151*601/151*588/162*594/161*600/161*586/171*592/171*598/170,608/151*614/150*620/150*606/160*612/160*618/159*604/170*610/169*616/169,626/150*632/149*638/149*624/159*630/159*636/159*622/169*628/168*635/168,644/149*650/149*657/148*642/158*649/158*655/158*641/168*647/168*653/168,663/148*669/148*675/148*661/158*667/158*673/158*659/167*665/167*671/167
6,131/200*137/200*143/200*132/210*138/210*144/210*133/220*139/220*145/220,149/200*156/200*162/200*150/210*156/210*162/210*151/220*157/220*163/220,168/200*174/200*180/200*168/210*174/210*180/210*169/220*175/220*181/220,186/200*192/200*198/200*186/210*192/210*198/210*187/220*193/220*199/220,204/200*210/200*216/200*204/210*210/210*216/210*205/220*211/220*217/220,222/200*228/200*234/200*222/210*228/210*235/210*223/220*229/219*235/219,240/200*246/200*252/200*241/210*247/210*253/209*241/219*247/219*253/219,259/200*265/200*271/200*259/209*265/209*271/209*259/219*265/219*271/218,277/200*283/200*289/200*277/209*283/209*289/209*277/218*283/218*289/218,295/200*301/200*307/200*295/209*301/209*307/209*295/218*301/218*307/218,313/200*319/200*325/200*313/209*319/209*325/209*313/218*319/218*325/218,331/200*337/200*343/200*331/209*337/209*343/209*331/218*337/217*343/217,349/200*355/200*361/200*349/209*355/209*361/209*349/217*355/217*361/217,368/200*374/200*380/200*367/209*373/209*379/209*367/217*373/217*379/217,386/200*392/200*398/200*385/208*391/208*397/208*385/217*391/217*397/217,404/199*410/199*416/199*403/208*409/208*415/208*403/217*409/217*415/217,422/199*428/199*434/198*421/208*427/208*433/207*421/217*427/216*433/216,440/198*446/197*452/197*439/207*445/207*452/206*439/216*445/216*451/215,458/196*464/196*470/195*458/206*464/205*470/204*457/215*463/214*469/214,476/195*482/194*488/193*476/204*481/203*487/202*475/213*481/212*487/212,494/192*500/191*506/190*493/202*499/201*505/200*493/211*498/210*504/209,512/190*518/189*524/188*511/199*517/198*523/197*510/208*516/208*522/207,530/187*536/186*542/185*529/196*535/196*541/195*528/206*534/205*540/204,548/185*554/184*560/183*547/194*553/193*559/193*546/204*552/203*558/202,566/182*572/182*578/181*565/192*571/191*577/191*564/201*570/201*576/200,585/181*591/180*597/180*583/190*589/190*595/189*582/200*588/199*594/199,603/179*609/179*615/179*601/189*607/189*613/188*600/198*606/198*612/198,621/178*627/178*633/178*619/188*625/188*631/187*618/197*624/197*630/197,639/178*645/177*651/177*637/187*643/187*649/187*636/197*642/197*648/196,657/177*663/177*669/177*655/187*661/187*667/186*654/196*660/196*666/196
7,134/231*140/231*145/231*134/241*140/241*146/241*135/251*141/251*147/251,151/230*157/230*163/230*152/241*158/240*164/240*153/251*159/251*165/250,169/230*175/230*181/230*170/240*176/240*182/240*171/250*177/250*183/250,187/230*193/230*199/230*188/240*194/240*200/240*189/250*195/250*200/250,205/230*211/230*217/229*206/240*212/239*218/239*206/249*212/249*218/249,223/229*229/229*235/229*224/239*230/239*236/239*224/249*230/249*236/248,241/229*247/229*253/228*241/238*247/238*253/238*242/248*248/248*254/247,259/228*265/228*271/228*259/238*265/237*271/237*260/247*266/247*272/246,277/228*283/227*289/227*277/237*283/237*289/236*277/246*283/246*289/246,295/227*301/227*307/227*295/236*301/236*307/236*295/245*301/245*307/245,313/227*319/227*325/227*313/236*319/236*325/236*313/245*319/245*325/245,331/226*337/226*343/226*331/235*337/235*343/235*331/244*337/244*343/244,349/226*355/226*361/226*349/235*355/235*360/235*349/244*354/244*360/244,367/226*372/226*378/226*366/235*372/235*378/235*366/244*372/244*378/244,384/226*390/226*396/226*384/235*390/235*396/235*384/244*390/244*396/244,402/226*408/226*414/226*402/235*408/235*414/235*402/244*408/244*414/244,420/226*426/225*432/225*420/235*426/234*432/234*420/243*426/243*431/243,438/225*444/225*450/224*438/234*444/234*450/233*437/243*443/243*449/242,456/224*462/223*468/223*456/233*462/232*467/232*455/242*461/241*467/241,474/222*480/221*486/221*473/231*479/231*485/230*473/240*479/240*485/239,492/220*498/219*504/219*491/229*497/229*503/228*491/239*496/238*502/237,510/218*515/217*521/216*509/227*515/226*521/225*508/236*514/236*520/235,527/215*533/214*539/214*527/225*532/224*538/223*526/234*532/233*538/233,545/213*551/212*557/212*544/222*550/222*556/221*543/232*549/231*555/231,563/211*569/210*575/210*562/220*568/220*574/219*561/230*567/229*573/229,581/209*587/209*593/208*580/219*586/218*592/218*579/228*585/228*591/227,599/208*605/208*611/207*598/218*604/217*609/217*597/227*603/227*608/226,616/207*622/207*628/206*615/217*621/216*627/216*614/226*620/226*626/226,634/206*640/206*646/206*633/216*639/216*645/215*632/225*638/225*644/225,652/206*658/206*664/206*651/215*657/215*663/215*650/225*656/225*662/225
8,136/261*142/261*148/261*137/271*143/271*149/271*138/281*144/281*150/281,154/261*160/261*166/260*155/271*161/271*167/271*156/281*162/281*168/281,172/260*178/260*183/260*173/270*178/270*184/270*173/280*179/280*185/280,189/260*195/260*201/260*190/270*196/270*202/269*191/280*197/280*203/279,207/259*213/259*219/259*208/269*214/269*220/269*209/279*214/279*220/278,225/259*231/258*237/258*225/268*231/268*237/268*226/278*232/278*238/277,242/258*248/257*254/257*243/267*249/267*255/267*244/277*250/277*255/276,260/257*266/256*272/256*261/266*267/266*272/265*261/276*267/275*273/275,278/256*284/255*290/255*278/265*284/265*290/264*279/274*285/274*291/274,296/255*301/254*307/254*296/264*302/264*308/263*296/273*302/273*308/272,313/254*319/254*325/254*314/263*319/263*325/263*314/272*320/272*326/272,331/253*337/253*343/253*331/262*337/262*343/262*332/271*337/271*343/271,349/253*355/253*360/253*349/262*355/262*361/262*349/271*355/271*361/271,366/253*372/253*378/253*367/262*372/262*378/261*367/270*373/270*378/270,384/253*390/253*396/253*384/261*390/261*396/261*384/270*390/270*396/270,402/253*408/252*414/252*402/261*408/261*414/261*402/270*408/270*414/270,419/252*425/252*431/252*420/261*425/261*431/261*420/270*425/270*431/270,437/252*443/251*449/251*437/261*443/260*449/260*437/270*443/269*449/269,455/251*461/250*467/250*455/260*461/259*467/259*455/269*461/268*466/268,473/249*478/249*484/248*472/259*478/258*484/257*472/268*478/267*484/267,490/248*496/247*502/246*490/257*496/256*502/256*490/266*496/265*501/265,508/246*514/245*519/244*508/255*513/254*519/253*507/264*513/263*519/263,525/243*531/243*537/242*525/253*531/252*537/251*525/262*531/261*536/261,543/241*549/241*555/240*543/251*548/250*554/249*542/260*548/259*554/259,561/239*566/239*572/238*560/249*566/248*572/248*560/258*566/258*571/257,578/238*584/237*590/237*578/247*584/247*589/246*577/257*583/256*589/256,596/237*602/236*608/236*595/246*601/246*607/245*595/256*601/255*607/255,614/236*619/235*625/235*613/245*619/245*625/245*612/255*618/254*624/254,631/235*637/235*643/235*631/244*636/244*642/244*630/254*636/254*642/254,649/234*655/234*661/234*648/244*654/244*660/244*648/254*653/253*659/253
9,139/291*145/291*151/291*141/301*146/301*152/301*142/311*148/311*153/311,157/291*163/291*169/291*158/301*164/301*170/301*159/311*165/311*171/311,174/290*180/290*186/290*176/300*181/300*187/300*177/310*182/310*188/310,192/290*198/290*204/289*193/300*199/299*205/299*194/310*200/309*206/309,210/289*215/289*221/288*211/299*216/298*222/298*212/309*217/308*223/308,227/288*233/287*239/287*228/298*234/297*240/297*229/307*235/307*241/307,245/287*250/286*256/286*245/296*251/296*257/295*246/306*252/305*258/305,262/285*268/285*274/284*263/295*269/294*274/294*264/304*269/304*275/303,280/284*285/283*291/283*280/293*286/293*292/292*281/303*287/302*293/302,297/282*303/282*309/282*298/292*304/291*309/291*298/301*304/301*310/300,315/281*320/281*326/281*315/290*321/290*327/290*316/300*322/299*327/299,332/280*338/280*344/280*333/289*338/289*344/289*333/299*339/298*345/298,350/280*355/280*361/279*350/289*356/289*362/288*351/298*357/297*362/297,367/279*373/279*379/279*368/288*373/288*379/288*368/297*374/297*380/297,385/279*390/279*396/279*385/288*391/288*397/288*386/297*391/297*397/297,402/279*408/279*414/279*403/288*408/288*414/288*403/297*409/297*415/297,420/279*426/279*431/279*420/288*426/288*432/288*420/297*426/296*432/296,437/278*443/278*449/278*438/287*443/287*449/287*438/296*444/296*450/296,455/278*461/277*466/277*455/287*461/286*467/286*455/296*461/295*467/295,472/277*478/276*484/276*473/286*478/285*484/285*473/295*479/294*484/294,490/275*496/274*501/274*490/284*496/284*502/283*490/293*496/293*502/292,507/273*513/273*519/272*507/282*513/282*519/281*508/292*513/291*519/290,525/271*530/271*536/270*525/280*531/280*536/279*525/290*531/289*536/288,542/269*548/269*554/268*542/279*548/278*554/277*542/288*548/287*554/287,560/268*565/267*571/267*560/277*565/276*571/276*560/286*565/286*571/285,577/266*583/266*589/265*577/276*583/275*589/275*577/285*583/285*589/284,595/265*600/265*606/264*595/274*600/274*606/274*594/284*600/284*606/283,612/264*618/264*624/264*612/274*618/273*624/273*612/283*618/283*624/283,630/264*635/263*641/263*629/273*635/273*641/273*629/283*635/282*641/282,647/263*653/263*659/263*647/273*653/273*659/272*647/282*653/282*658/282
10,143/321*149/321*155/321*144/331*150/331*156/331*146/341*151/341*157/341,160/321*166/321*172/321*162/331*168/331*173/331*163/341*169/341*175/341,178/320*184/320*189/320*179/330*185/330*191/330*180/340*186/340*192/340,195/320*201/319*207/319*196/330*202/329*208/329*198/339*203/339*209/339,213/319*218/318*224/318*214/328*220/328*225/328*215/338*221/338*227/337,230/317*236/317*242/316*231/327*237/327*243/326*232/337*238/336*244/336,247/316*253/315*259/315*248/325*254/325*260/324*250/335*255/334*261/334,265/314*270/313*276/313*266/324*271/323*277/322*267/333*273/332*278/332,282/312*288/312*294/311*283/322*289/321*294/320*284/331*290/330*295/330,299/310*305/310*311/309*300/320*306/319*312/319*301/329*307/328*313/328,317/309*322/308*328/308*318/318*323/318*329/317*318/327*324/327*330/326,334/308*340/307*346/307*335/317*341/316*346/316*336/326*342/325*347/325,351/307*357/306*363/306*352/316*358/315*364/315*353/325*359/324*365/324,369/306*375/306*380/306*370/315*375/315*381/315*370/324*376/324*382/323,386/306*392/306*398/306*387/315*393/314*399/314*388/323*394/323*399/323,404/306*409/305*415/305*404/314*410/314*416/314*405/323*411/323*417/323,421/305*427/305*433/305*422/314*428/314*433/314*422/323*428/323*434/323,438/305*444/305*450/305*439/314*445/314*451/314*440/323*446/323*451/323,456/305*462/304*467/304*456/313*462/313*468/313*457/322*463/322*469/322,473/304*479/303*485/303*474/313*480/312*485/312*474/321*480/321*486/321,491/302*496/302*502/301*491/311*497/311*503/310*492/320*498/320*503/319,508/301*514/300*519/299*509/310*514/309*520/309*509/319*515/318*521/318,525/299*531/298*537/298*526/308*532/307*537/307*526/317*532/317*538/316,543/297*548/297*554/296*543/306*549/306*555/305*544/316*549/315*555/315,560/296*566/295*572/295*560/305*566/305*572/304*561/314*567/314*572/313,577/294*583/294*589/294*578/304*584/303*589/303*578/313*584/313*590/313,595/293*600/293*606/293*595/303*601/303*607/302*596/312*601/312*607/312,612/293*618/292*624/292*612/302*618/302*624/302*613/312*619/311*624/311,629/292*635/292*641/292*630/302*636/301*641/301*630/311*636/311*642/311,647/292*653/292*659/291*647/301*653/301*659/301*648/311*653/311*659/311
11,147/351*153/351*159/351*148/361*154/361*160/361*150/372*156/371*161/371,164/351*170/351*176/351*166/361*171/361*177/361*167/371*173/371*179/371,182/350*187/350*193/350*183/360*189/360*195/360*184/370*190/370*196/370,199/349*205/349*210/349*200/359*206/359*212/358*202/369*207/369*213/368,216/348*222/348*228/347*218/358*223/357*229/357*219/368*225/367*230/367,233/347*239/346*245/345*235/356*240/356*246/355*236/366*242/366*247/365,251/345*256/344*262/343*252/354*258/354*263/353*253/364*259/363*265/363,268/343*274/342*279/341*269/352*275/352*281/351*270/362*276/361*282/360,285/341*291/340*297/339*286/350*292/349*298/349*287/360*293/359*299/358,302/338*308/338*314/337*303/348*309/347*315/346*305/357*310/356*316/356,320/337*325/336*331/335*321/346*326/345*332/345*322/355*327/354*333/354,337/335*343/334*348/334*338/344*344/344*349/343*339/353*345/353*350/352,354/334*360/333*366/333*355/343*361/342*367/342*356/352*362/351*368/351,371/333*377/333*383/332*372/342*378/341*384/341*373/351*379/350*385/350,389/332*394/332*400/332*390/341*395/341*401/341*391/350*396/350*402/350,406/332*412/332*418/332*407/341*413/341*419/341*408/350*414/350*420/350,423/332*429/332*435/332*424/341*430/341*436/341*425/350*431/350*437/349,441/332*446/332*452/331*442/341*447/340*453/340*443/349*448/349*454/349,458/331*464/331*469/331*459/340*465/340*470/340*460/349*466/349*471/349,475/330*481/330*487/330*476/339*482/339*488/339*477/348*483/348*489/348,493/329*498/329*504/328*493/338*499/338*505/337*494/347*500/347*506/347,510/328*516/327*521/327*511/337*516/337*522/336*512/346*517/346*523/345,527/326*533/326*539/325*528/336*534/335*539/335*529/345*535/344*540/344,544/325*550/324*556/324*545/334*551/334*557/333*546/343*552/343*558/343,562/324*567/323*573/323*562/333*568/333*574/332*563/342*569/342*575/342,579/322*585/322*590/322*580/332*586/332*591/331*581/341*586/341*592/341,596/322*602/321*608/321*597/331*603/331*609/331*598/340*604/340*609/340,614/321*619/321*625/321*614/330*620/330*626/330*615/340*621/340*627/340,631/321*637/320*642/320*632/330*637/330*643/330*632/340*638/339*644/339,648/320*654/320*660/320*649/330*655/330*660/330*650/339*656/339*661/339
12,151/382*157/381*163/381*152/392*158/391*164/391*154/402*160/401*165/401,168/381*174/381*180/381*170/391*175/391*181/391*171/401*177/401*183/401,186/380*191/380*197/380*187/390*193/390*198/389*188/400*194/400*200/399,203/379*209/379*214/378*204/389*210/389*216/388*206/399*211/398*217/398,220/378*226/377*232/377*221/388*227/387*233/386*223/397*228/397*234/396,237/376*243/375*249/375*239/386*244/385*250/384*240/396*246/395*251/394,254/374*260/373*266/372*256/384*261/383*267/382*257/393*263/392*268/392,272/372*277/371*283/370*273/381*279/380*284/379*274/391*280/390*286/389,289/369*294/368*300/367*290/379*296/378*301/377*291/388*297/387*303/386,306/367*312/366*317/365*307/376*313/375*318/374*308/385*314/385*320/384,323/364*329/364*334/363*324/374*330/373*336/372*325/383*331/382*337/381,340/362*346/362*352/361*341/371*347/371*353/370*342/381*348/380*354/379,357/361*363/360*369/360*358/370*364/369*370/369*360/379*365/378*371/378,375/360*380/359*386/359*376/369*381/368*387/368*377/377*383/377*388/377,392/359*398/359*403/359*393/368*399/368*404/367*394/377*400/376*406/376,409/358*415/358*421/358*410/367*416/367*422/367*411/376*417/376*423/376,426/358*432/358*438/358*428/367*433/367*439/367*429/376*434/376*440/376,444/358*449/358*455/358*445/367*451/367*456/367*446/376*452/376*457/376,461/358*467/358*472/357*462/367*468/367*474/366*463/376*469/375*475/375,478/357*484/357*490/357*479/366*485/366*491/366*480/375*486/375*492/375,495/356*501/356*507/356*497/365*502/365*508/365*498/374*503/374*509/374,513/355*518/355*524/354*514/364*520/364*525/363*515/373*521/373*526/372,530/354*536/353*541/353*531/363*537/363*543/362*532/372*538/372*544/371,547/353*553/352*559/352*548/362*554/361*560/361*549/371*555/371*561/370,564/351*570/351*576/351*566/361*571/360*577/360*567/370*572/370*578/370,582/351*587/350*593/350*583/360*589/360*594/360*584/369*590/369*595/369,599/350*605/350*610/350*600/359*606/359*612/359*601/369*607/369*613/368,616/349*622/349*628/349*617/359*623/359*629/359*619/368*624/368*630/368,633/349*639/349*645/349*635/359*640/358*646/358*636/368*642/368*647/368,651/349*657/349*662/349*652/358*658/358*663/358*653/368*659/368*665/368
13,155/412*161/412*167/411*156/422*162/422*168/421*157/432*163/432*169/431,172/411*178/411*184/410*173/421*179/421*185/420*175/431*180/431*186/430,190/410*195/410*201/409*191/420*196/420*202/419*192/430*198/430*203/429,207/409*213/408*218/408*208/419*214/418*219/418*209/429*215/428*221/428,224/407*230/407*235/406*225/417*231/416*237/416*226/427*232/426*238/426,241/405*247/405*253/404*242/415*248/414*254/414*244/425*249/424*255/423,258/403*264/402*270/401*259/413*265/412*271/411*261/422*266/422*272/421,275/400*281/399*287/399*277/410*282/409*288/408*278/420*283/419*289/418,292/398*298/397*304/396*294/407*299/406*305/405*295/417*300/416*306/415,309/395*315/394*321/393*311/404*316/403*322/402*312/414*317/413*323/412,327/392*332/391*338/391*328/401*333/401*339/400*329/411*335/410*340/409,344/390*349/389*355/388*345/399*351/398*356/398*346/408*352/407*357/407,361/388*367/387*372/387*362/397*368/396*373/396*363/406*369/405*375/405,378/386*384/386*390/386*379/395*385/395*391/395*380/404*386/404*392/404,395/385*401/385*407/385*396/394*402/394*408/394*398/403*403/403*409/403,413/385*418/385*424/385*414/394*419/394*425/394*415/403*421/403*426/403,430/385*436/385*441/385*431/394*437/394*443/394*432/403*438/402*444/402,447/385*453/385*459/385*448/394*454/394*460/393*450/402*455/402*461/402,464/384*470/384*476/384*466/393*471/393*477/393*467/402*473/402*478/402,482/384*487/384*493/383*483/393*489/393*494/392*484/402*490/402*496/401,499/383*505/383*510/383*500/392*506/392*512/392*501/401*507/401*513/401,516/382*522/382*528/382*517/391*523/391*529/391*519/400*524/400*530/400,533/381*539/381*545/381*535/390*540/390*546/390*536/399*542/399*547/399,551/380*556/380*562/380*552/389*558/389*563/389*553/399*559/398*565/398,568/379*574/379*579/379*569/389*575/388*581/388*571/398*576/398*582/398,585/379*591/379*597/378*587/388*592/388*598/388*588/397*594/397*599/397,602/378*608/378*614/378*604/388*610/387*615/387*605/397*611/397*617/397,620/378*626/378*631/378*621/387*627/387*633/387*622/397*628/397*634/397,637/378*643/377*649/377*638/387*644/387*650/387*640/397*645/396*651/396,654/377*660/377*666/377*656/387*661/387*667/387*657/396*663/396*669/396
14,158/442*164/442*170/441*159/452*165/452*171/451*160/462*166/462*171/461,176/441*181/441*187/440*176/451*182/451*188/450*177/461*183/461*189/460,193/440*199/440*204/439*194/450*200/450*205/449*195/460*200/460*206/459,210/439*216/438*222/438*211/449*217/448*223/447*212/459*218/458*223/457,227/437*233/436*239/436*228/447*234/446*240/445*229/457*235/456*241/455,245/435*250/434*256/433*245/445*251/444*257/443*246/454*252/454*258/453,262/432*267/431*273/430*263/442*268/441*274/440*264/452*269/451*275/450,279/429*284/428*290/427*280/439*285/438*291/437*281/449*286/448*292/447,296/426*302/425*307/424*297/436*302/435*308/434*298/446*303/445*309/443,313/423*319/422*324/421*314/433*320/432*325/431*315/442*320/441*326/440,330/420*336/419*341/418*331/430*337/429*342/428*332/439*338/438*343/437,347/417*353/417*358/416*348/427*354/426*359/425*349/436*355/435*360/434,364/415*370/415*376/414*365/424*371/424*377/423*366/433*372/433*378/432,381/413*387/413*393/413*382/422*388/422*394/421*383/431*389/431*395/430,399/412*404/412*410/412*400/421*405/421*411/421*401/430*406/430*412/429,416/412*422/411*428/411*417/420*423/420*429/420*418/429*424/429*430/429,433/411*439/411*445/411*434/420*440/420*446/420*435/429*441/429*447/429,451/411*456/411*462/411*452/420*457/420*463/420*453/429*459/429*464/429,468/411*474/411*480/411*469/420*475/420*481/420*470/429*476/429*482/429,485/411*491/411*497/410*486/420*492/419*498/419*488/429*493/428*499/428,503/410*508/410*514/410*504/419*510/419*515/419*505/428*511/428*516/428,520/409*526/409*531/409*521/418*527/418*533/418*522/428*528/427*534/427,537/409*543/408*549/408*538/418*544/418*550/417*540/427*545/427*551/427,554/408*560/408*566/407*556/417*562/417*567/417*557/426*563/426*569/426,572/407*578/407*583/407*573/417*579/416*585/416*574/426*580/426*586/426,589/407*595/407*601/407*590/416*596/416*602/416*592/426*597/426*603/425,606/406*612/406*618/406*608/416*614/416*619/416*609/425*615/425*621/425,624/406*630/406*635/406*625/416*631/416*637/416*626/425*632/425*638/425,641/406*647/406*653/406*642/416*648/415*654/415*644/425*650/425*655/425,658/406*664/406*670/406*660/415*666/415*671/415*661/425*667/425*673/425
15,161/472*166/472*172/471*161/482*167/482*173/482*161/492*167/492*173/492,178/471*184/471*189/470*178/481*184/481*190/480*179/491*185/491*190/491,195/470*201/470*207/469*196/480*202/480*207/479*196/490*202/490*208/489,213/469*218/468*224/467*213/479*219/478*225/477*214/488*219/488*225/487,230/467*236/466*241/465*230/477*236/476*242/475*231/487*237/486*243/485,247/464*253/463*259/463*248/474*253/473*259/472*248/484*254/483*260/482,264/462*270/461*276/460*265/471*271/470*276/469*266/481*271/480*277/479,281/459*287/458*293/456*282/468*288/467*294/466*283/478*288/477*294/476,299/455*304/454*310/453*299/465*305/464*311/463*300/475*306/474*311/472,316/452*321/451*327/450*316/462*322/460*328/459*317/471*323/470*328/469,333/449*338/447*344/446*333/458*339/457*345/456*334/468*340/466*345/465,350/445*356/444*361/444*351/455*356/454*362/453*351/464*357/463*363/462,367/443*373/442*378/441*368/452*373/451*379/450*368/461*374/460*380/459,384/441*390/440*396/439*385/450*391/449*397/448*386/459*392/458*397/457,402/439*407/439*413/438*402/448*408/448*414/447*403/457*409/457*415/456,419/438*425/438*431/438*420/447*426/447*431/447*421/456*426/456*432/456,436/438*442/438*448/438*437/447*443/447*449/447*438/455*444/455*450/455,454/438*460/438*465/438*455/447*460/447*466/447*455/455*461/455*467/455,471/438*477/438*483/437*472/446*478/446*484/446*473/455*479/455*485/455,489/437*494/437*500/437*490/446*495/446*501/446*490/455*496/455*502/455,506/437*512/437*518/437*507/446*513/446*519/446*508/455*514/455*520/455,523/437*529/436*535/436*524/446*530/446*536/445*525/455*531/455*537/455,541/436*547/436*552/436*542/445*548/445*553/445*543/454*549/454*555/454,558/436*564/436*570/435*559/445*565/445*571/445*560/454*566/454*572/454,576/435*581/435*587/435*577/445*582/445*588/445*578/454*584/454*589/454,593/435*599/435*605/435*594/444*600/444*606/444*595/454*601/454*607/454,610/435*616/435*622/435*612/444*617/444*623/444*613/454*619/454*624/454,628/435*634/435*639/435*629/444*635/444*641/444*630/454*636/454*642/454,645/435*651/435*657/435*646/444*652/444*658/444*648/454*654/454*659/454,663/434*668/434*674/434*664/444*670/444*675/444*665/454*671/454*677/454
16,162/502*167/502*173/502*162/512*167/512*173/512*162/522*167/522*173/522,179/501*185/501*191/501*179/511*185/511*191/511*179/521*185/521*191/521,197/500*202/500*208/499*197/510*202/510*208/509*197/520*203/520*208/519,214/498*220/498*226/497*214/509*220/508*226/507*214/519*220/518*226/517,231/496*237/496*243/495*232/506*237/506*243/505*232/516*238/516*243/515,249/494*254/493*260/492*249/504*255/503*260/502*249/514*255/513*261/512,266/491*272/490*277/489*266/501*272/500*278/499*267/511*272/510*278/509,283/488*289/487*295/486*284/498*289/497*295/496*284/508*290/507*295/505,300/485*306/483*312/482*301/494*306/493*312/492*301/504*307/503*313/502,318/481*323/480*329/478*318/491*324/489*329/488*318/500*324/499*330/498,335/477*340/476*346/475*335/487*341/486*346/484*335/496*341/495*347/494,352/474*358/473*363/471*352/483*358/482*364/481*353/493*358/492*364/490,369/470*375/470*381/469*369/480*375/479*381/478*370/489*376/488*381/487,386/468*392/467*398/467*387/477*393/476*398/476*387/486*393/486*399/485,404/466*410/466*415/465*404/475*410/475*416/474*405/484*411/484*416/483,421/465*427/465*433/464*422/474*428/473*433/473*422/483*428/482*434/482,439/464*445/464*450/464*439/473*445/473*451/473*440/482*446/482*452/482,456/464*462/464*468/464*457/473*463/473*469/473*457/482*463/482*469/482,474/464*480/464*485/464*474/473*480/473*486/473*475/482*481/482*487/482,491/464*497/464*503/464*492/473*498/473*504/473*493/482*499/482*504/482,509/464*515/464*520/464*510/473*515/473*521/473*510/482*516/482*522/482,526/464*532/464*538/464*527/473*533/473*539/473*528/482*534/482*540/482,544/464*550/464*555/464*545/473*551/473*556/473*546/482*551/482*557/482,561/463*567/463*573/463*562/473*568/473*574/473*563/482*569/482*575/482,579/463*585/463*591/463*580/473*586/473*592/473*581/482*587/482*593/482,596/463*602/463*608/463*597/473*603/473*609/473*598/482*604/482*610/482,614/463*620/463*626/463*615/473*621/473*627/473*616/482*622/482*628/482,631/463*637/463*643/463*633/473*638/473*644/473*634/482*639/482*645/482,649/463*655/463*661/463*650/473*656/473*662/473*651/482*657/482*663/482,666/463*672/463*678/463*668/473*673/473*679/473*669/482*675/482*681/482
17,161/532*167/532*173/532*161/543*167/542*173/542*160/553*166/552*172/552,179/532*185/531*191/531*179/542*184/541*190/541*178/552*184/551*190/551,197/530*202/530*208/529*196/540*202/540*208/539*196/550*202/550*208/549,214/529*220/528*226/527*214/539*220/538*226/537*214/549*219/548*225/547,232/527*238/526*243/525*231/537*237/536*243/535*231/547*237/546*243/545,249/524*255/523*261/522*249/534*255/533*261/532*249/544*255/543*260/542,267/521*272/520*278/519*266/531*272/530*278/529*266/541*272/540*278/539,284/518*290/517*295/515*284/528*290/527*295/525*284/538*290/537*295/535,301/514*307/513*313/512*301/524*307/523*313/521*301/534*307/533*313/531,318/510*324/509*330/508*318/520*324/519*330/517*318/530*324/529*330/527,336/506*341/505*347/504*336/516*341/515*347/513*336/526*342/524*347/523,353/502*359/501*364/500*353/512*359/511*364/509*353/522*359/520*365/519,370/499*376/498*382/497*370/508*376/507*382/506*370/518*376/517*382/515,388/496*393/495*399/494*388/505*394/504*399/503*388/514*394/513*400/512,405/493*411/493*417/492*405/502*411/502*417/501*405/512*411/511*417/510,423/492*429/491*434/491*423/501*429/500*435/500*423/510*429/509*435/509,440/491*446/491*452/491*441/500*446/500*452/500*441/509*447/508*453/508,458/491*464/491*470/491*458/500*464/500*470/500*459/508*465/508*470/508,476/491*482/491*487/491*476/500*482/500*488/500*476/508*482/508*488/508,493/491*499/491*505/491*494/500*500/500*506/500*494/509*500/509*506/509,511/491*517/491*523/491*511/500*517/500*523/500*512/509*518/509*524/509,529/491*534/491*540/491*529/500*535/500*541/500*530/509*536/509*542/509,546/491*552/491*558/491*547/500*553/501*559/501*548/510*553/510*559/510,564/491*570/491*576/491*565/501*571/501*576/501*565/510*571/510*577/510,582/491*587/492*593/492*582/501*588/501*594/501*583/510*589/510*595/510,599/492*605/492*611/492*600/501*606/501*612/501*601/510*607/511*613/511,617/492*623/492*629/492*618/501*624/501*630/501*619/511*625/511*630/511,635/492*640/492*646/492*636/501*641/501*647/501*636/511*642/511*648/511,652/492*658/492*664/492*653/501*659/501*665/501*654/511*660/511*666/511,670/492*676/492*682/492*671/501*677/501*683/501*672/511*678/511*684/511
18,160/563*165/562*171/562*158/573*164/573*170/572*157/583*163/583*169/582,177/562*183/561*189/561*176/572*182/572*188/571*175/582*181/582*187/581,195/561*201/560*207/559*194/571*200/570*206/570*193/581*199/580*205/580,213/559*219/558*225/558*212/569*218/568*224/568*211/579*217/579*223/578,231/557*237/556*242/555*230/567*236/566*242/565*229/577*235/576*241/575,248/554*254/553*260/552*248/564*253/563*259/562*247/575*253/574*259/573,266/551*272/550*278/549*265/561*271/560*277/559*265/572*270/570*276/569,283/548*289/547*295/545*283/558*289/557*295/555*282/568*288/567*294/566,301/544*307/543*312/541*300/554*306/553*312/551*300/564*306/563*312/561,318/540*324/539*330/537*318/550*324/549*329/547*317/560*323/559*329/557,336/536*341/534*347/533*335/546*341/544*347/543*335/556*341/554*346/553,353/531*359/530*365/529*353/541*358/540*364/538*352/551*358/550*364/548,370/527*376/526*382/525*370/537*376/536*382/534*370/547*376/545*381/544,388/524*394/523*399/522*388/533*393/532*399/531*387/543*393/542*399/540,405/521*411/520*417/519*405/530*411/529*417/528*405/539*411/539*417/538,423/519*429/518*435/518*423/528*429/527*435/527*423/537*429/536*435/536,441/517*447/517*453/517*441/526*447/526*453/526*441/535*447/535*453/535,459/517*465/517*471/517*459/526*465/526*471/526*459/535*465/535*471/535,477/517*483/517*488/517*477/526*483/526*489/526*477/535*483/535*489/535,494/517*500/518*506/518*495/526*501/526*507/527*495/535*501/535*507/535,512/518*518/518*524/518*512/527*518/527*524/527*513/536*519/536*525/536,530/518*536/518*542/519*530/527*536/528*542/528*531/536*537/537*543/537,548/519*554/519*560/519*548/528*554/528*560/528*549/537*555/537*561/538,566/519*572/519*578/520*566/529*572/529*578/529*567/538*573/538*579/538,584/520*590/520*596/520*584/529*590/529*596/529*585/538*591/539*597/539,602/520*607/520*613/520*602/529*608/529*614/530*603/539*609/539*615/539,619/520*625/520*631/520*620/530*626/530*632/530*621/539*627/539*633/539,637/520*643/520*649/520*638/530*644/530*650/530*639/539*645/539*651/539,655/520*661/520*667/520*656/530*662/530*668/530*657/539*663/539*669/539,673/520*679/520*685/520*674/530*680/530*686/530*675/539*681/539*687/539
19,156/593*162/593*168/593*154/603*160/603*166/603*152/613*158/613*164/613,174/592*180/592*186/592*172/602*178/602*184/602*170/613*176/612*182/612,192/591*198/591*204/590*190/601*196/601*202/600*188/611*194/611*200/610,210/589*216/589*222/588*208/600*214/599*220/598*206/610*212/609*219/609,228/587*234/586*240/586*226/598*232/597*238/596*225/608*231/607*237/606,246/585*252/584*258/583*244/595*250/594*256/593*243/605*249/604*255/603,264/582*269/581*275/579*262/592*268/591*274/590*261/602*267/601*273/600,281/578*287/577*293/576*280/589*286/587*292/586*279/599*285/598*291/596,299/574*305/573*311/572*298/585*304/583*310/582*297/595*303/594*308/592,317/570*322/569*328/567*315/580*321/579*327/577*314/591*320/589*326/588,334/566*340/564*346/563*333/576*339/574*345/573*332/586*338/585*344/583,352/561*357/560*363/558*351/571*357/570*362/568*350/581*356/580*362/578,369/557*375/555*381/554*368/567*374/565*380/564*367/577*373/575*379/573,387/552*393/551*399/550*386/562*392/561*398/560*385/572*391/571*397/569,404/549*410/548*416/547*404/558*410/557*416/556*403/568*409/567*415/566,422/546*428/545*434/545*422/555*428/555*434/554*421/565*427/564*433/563,440/544*446/544*452/544*440/553*446/553*452/553*439/562*445/562*451/562,458/544*464/544*470/544*458/553*464/553*470/552*457/561*463/561*470/561,476/544*483/544*489/544*476/553*482/553*488/553*476/561*482/561*488/561,495/544*501/544*507/544*494/553*500/553*506/553*494/562*500/562*506/562,513/544*519/545*525/545*512/553*518/554*525/554*512/562*518/563*524/563,531/545*537/546*543/546*531/554*537/555*543/555*530/563*537/564*543/564,549/546*555/547*561/547*549/555*555/556*561/556*549/565*555/565*561/565,567/547*573/547*579/548*567/556*573/557*579/557*567/566*573/566*579/566,585/548*591/548*597/548*585/557*591/557*597/558*585/567*591/567*597/567,603/548*609/548*615/548*603/558*609/558*615/558*604/567*610/567*616/567,621/549*627/549*633/549*621/558*628/558*634/558*622/568*628/568*634/568,639/549*645/549*651/549*640/558*646/558*652/558*640/568*646/568*652/568,657/549*663/549*669/549*658/558*664/558*670/559*658/568*665/568*671/568,675/549*681/549*687/549*676/559*682/559*688/559*677/568*683/568*689/568
20,149/624*155/623*161/623*146/634*152/634*158/633*143/644*149/644*156/644,168/623*174/623*180/622*165/633*171/633*177/632*162/643*168/643*174/643,186/622*192/621*198/621*183/632*189/632*195/631*180/642*187/642*193/641,204/620*210/620*216/619*202/630*208/630*214/629*199/641*205/640*211/640,223/618*229/617*235/617*220/629*226/628*232/627*218/639*224/638*230/637,241/616*247/615*253/614*238/626*245/625*251/624*236/636*242/636*248/635,259/613*265/612*271/610*257/623*263/622*269/621*255/634*261/632*267/631,277/609*283/608*289/607*275/620*281/618*287/617*273/630*279/629*285/628,295/605*301/604*307/603*293/616*299/614*305/613*291/626*297/625*303/623,313/601*319/600*325/598*311/612*317/610*323/608*309/622*315/620*321/619,331/596*337/595*343/593*329/607*335/605*341/604*327/617*333/616*339/614,349/592*354/590*360/588*347/602*353/600*359/599*345/612*351/611*357/609,366/587*372/585*378/584*365/597*371/595*377/594*363/607*369/606*375/604,384/582*390/581*396/579*383/592*389/591*395/589*381/602*387/601*393/599,402/578*408/576*414/575*401/588*407/586*413/585*399/597*405/596*412/595,420/574*426/573*432/572*419/584*425/583*431/582*418/593*424/592*430/591,438/572*444/571*450/571*437/581*443/580*449/580*436/590*442/589*448/589,457/570*463/570*469/570*456/579*462/579*468/579*455/588*461/588*467/588,475/570*481/570*487/570*474/579*480/579*486/579*473/588*479/588*486/588,493/570*500/571*506/571*493/579*499/579*505/580*492/588*498/588*504/588,512/571*518/571*524/572*511/580*517/580*524/581*511/589*517/589*523/589,530/572*536/573*542/573*530/581*536/582*542/582*529/590*535/591*542/591,549/574*555/574*561/575*548/583*554/583*560/584*548/592*554/592*560/593,567/575*573/575*579/576*567/584*573/585*579/585*566/593*573/594*579/594,585/576*591/576*598/576*585/585*591/586*597/586*585/595*591/595*597/595,604/577*610/577*616/577*604/586*610/586*616/586*604/595*610/596*616/596,622/577*628/577*634/577*622/587*628/587*635/587*622/596*629/596*635/596,640/577*647/577*653/577*641/587*647/587*653/587*641/596*647/596*653/597,659/578*665/578*671/578*659/587*665/587*672/587*660/597*666/597*672/597,677/578*683/578*690/578*678/587*684/587*690/587*678/597*685/597*691/597
21,140/654*146/654*153/654*137/664*143/664*150/664*134/674*140/674*147/674,159/653*165/653*171/653*156/664*162/663*169/663*153/674*159/674*166/673,178/653*184/652*190/652*175/663*181/662*187/662*172/673*178/673*185/672,196/651*203/650*209/650*194/661*200/661*206/660*191/672*197/671*204/671,215/649*221/648*228/648*213/660*219/659*225/658*210/670*216/669*223/668,234/647*240/646*246/645*231/657*238/656*244/655*229/668*235/667*242/666,252/644*259/643*265/642*250/654*256/653*263/652*248/665*254/664*260/663,271/641*277/639*283/638*269/651*275/650*281/649*267/662*273/660*279/659,289/637*295/635*301/634*287/647*293/646*300/644*285/658*291/656*298/655,308/632*314/631*320/629*306/643*312/641*318/640*304/653*310/652*316/650,326/628*332/626*338/624*324/638*330/637*336/635*322/649*328/647*335/645,344/623*350/621*356/619*342/633*348/631*354/630*341/644*347/642*353/640,362/618*368/616*374/614*360/628*366/626*373/624*359/638*365/636*371/635,380/612*386/611*392/609*379/623*385/621*391/619*377/633*383/631*389/629,398/607*404/606*410/604*397/617*403/616*409/614*395/628*402/626*408/624,416/603*423/602*429/601*415/613*421/611*427/610*414/623*420/621*426/620,435/600*441/599*447/598*434/609*440/608*446/607*433/619*439/618*445/616,454/597*460/597*466/597*452/607*459/606*465/606*451/616*458/615*464/615,472/597*479/597*485/597*471/605*478/605*484/605*470/614*477/614*483/614,491/597*497/597*504/597*490/606*497/606*503/606*489/614*496/614*502/615,510/597*516/598*522/598*509/606*515/607*522/607*508/615*515/615*521/616,529/599*535/600*541/600*528/608*534/608*541/609*527/616*534/617*540/618,547/601*554/601*560/602*547/610*553/611*559/611*546/619*553/620*559/620,566/603*572/603*579/604*566/612*572/612*578/613*565/621*572/622*578/622,585/604*591/604*597/605*585/613*591/614*597/614*584/623*591/623*597/623,604/605*610/605*616/605*603/614*610/615*616/615*603/624*610/624*616/624,622/605*629/606*635/606*622/615*629/615*635/615*622/624*629/625*635/625,641/606*647/606*654/606*641/615*648/615*654/616*641/625*648/625*654/625,660/606*666/606*672/606*660/616*666/616*673/616*660/625*667/625*673/625,679/606*685/606*691/606*679/616*685/616*692/616*679/625*686/625*692/625
22,132/684*138/684*144/684*130/695*136/694*143/694*128/705*134/705*141/704,151/684*157/684*163/684*149/694*155/694*162/694*147/704*154/704*160/704,170/683*176/683*183/682*168/693*175/693*181/693*167/704*173/703*179/703,189/682*195/681*202/681*187/692*194/692*200/691*186/702*192/702*199/701,208/680*214/679*221/679*207/690*213/690*219/689*205/701*212/700*218/699,227/678*233/677*240/676*226/688*232/687*238/686*224/698*231/698*237/697,246/675*252/674*259/673*245/686*251/684*257/683*243/696*250/695*256/694,265/672*271/671*277/669*264/682*270/681*276/680*262/693*269/691*275/690,284/668*290/667*296/665*283/678*289/677*295/676*281/689*288/687*294/686,302/664*309/662*315/661*301/674*308/673*314/671*300/685*307/683*313/681,321/659*327/657*333/656*320/669*326/668*332/666*319/680*325/678*331/676,339/654*346/652*352/650*339/664*345/662*351/661*338/675*344/673*350/671,358/649*364/647*370/645*357/659*363/657*369/655*356/669*362/667*368/665,376/643*382/641*388/639*375/653*382/651*388/649*375/663*381/661*387/659,394/638*401/636*407/634*394/648*400/646*406/644*393/658*399/656*405/654,413/632*419/631*425/629*412/642*419/641*425/639*412/652*418/650*424/649,432/628*438/627*444/626*431/638*437/636*444/635*430/647*437/646*443/645,450/625*457/624*463/624*450/634*456/633*463/633*449/643*456/643*462/642,470/623*476/623*482/623*469/632*475/632*482/632*468/641*475/641*481/641,489/623*495/623*501/623*488/632*495/632*501/632*488/641*494/641*501/641,508/624*514/624*521/625*507/633*514/633*520/633*507/641*514/642*520/642,527/625*533/626*540/627*527/634*533/635*539/636*526/643*533/644*539/645,546/628*552/629*559/629*546/637*552/638*558/639*545/646*552/647*558/648,565/630*571/631*578/631*565/639*571/640*578/641*565/649*571/649*577/650,584/632*590/632*597/633*584/641*590/642*597/642*584/651*590/651*597/652,603/633*610/633*616/634*603/643*610/643*616/643*603/652*609/652*616/653,622/634*629/634*635/634*622/643*629/644*635/644*622/653*629/653*635/653,641/634*648/635*654/635*642/644*648/644*654/644*642/653*648/654*655/654,661/635*667/635*673/635*661/644*667/644*674/644*661/654*667/654*674/654,680/635*686/635*693/635*680/644*686/644*693/644*680/654*687/654*693/654
23,127/715*133/715*140/715*126/725*133/725*139/725*126/735*132/735*139/735,146/714*153/714*159/714*146/725*152/724*159/724*145/735*152/734*158/734,166/714*172/713*178/713*165/724*172/723*178/723*165/734*171/734*178/733,185/713*191/712*198/711*184/723*191/722*197/722*184/733*191/732*197/732,204/711*211/710*217/709*204/721*210/720*217/720*203/731*210/730*216/730,223/709*230/708*236/707*223/719*230/718*236/717*223/729*229/728*236/727,243/706*249/705*255/704*242/716*249/715*255/714*242/726*248/725*255/724,262/703*268/702*274/700*262/713*268/712*274/710*261/723*268/722*274/721,281/699*287/698*293/696*281/709*287/708*293/706*280/719*287/718*293/716,300/695*306/693*312/692*300/705*306/703*312/702*299/715*306/713*312/712,318/690*325/688*331/687*318/700*325/698*331/697*318/710*324/708*331/707,337/685*343/683*350/681*337/695*343/693*349/691*337/705*343/703*349/701,356/679*362/677*368/675*356/689*362/687*368/685*356/699*362/697*368/695,374/673*380/671*387/670*374/683*380/681*387/679*374/693*380/691*386/689,393/668*399/666*405/664*393/678*399/676*405/674*393/687*399/685*405/683,411/662*418/660*424/658*411/672*417/670*424/668*411/682*417/680*424/678,430/657*436/655*443/654*430/666*436/665*443/663*430/676*436/674*442/673,449/653*455/652*462/651*449/662*455/661*462/660*449/671*455/670*462/669,468/650*475/650*481/650*468/659*474/659*481/658*468/668*474/668*481/667,487/650*494/650*500/650*487/658*494/658*500/659*487/667*494/667*500/667,507/650*513/650*520/651*507/659*513/659*520/660*507/668*513/668*520/668,526/652*533/653*539/653*526/660*533/661*539/662*526/669*533/670*539/671,545/655*552/656*558/657*545/663*552/665*558/666*545/672*552/674*558/675,564/658*571/658*577/659*564/667*571/668*577/669*565/676*571/677*577/678,584/660*590/660*597/661*584/669*590/670*597/670*584/679*590/679*597/680,603/661*610/662*616/662*603/671*610/671*616/672*603/680*610/681*616/681,622/662*629/663*635/663*623/672*629/672*635/672*623/681*629/682*636/682,642/663*648/663*655/663*642/672*648/673*655/673*642/682*649/682*655/682,661/663*668/663*674/663*661/673*668/673*674/673*662/682*668/683*674/683,681/664*687/664*693/664*681/673*687/673*694/673*681/683*687/683*694/683
